City_ID,City,Country,Date,Lat,Lng,Max Temp,Humidity,Cloudiness,Wind Speed
0,Punta Arenas,CL,2022-04-20 19:33:44,-53.15,-70.9167,51.91,62,40,23.02
1,Solnechnyy,RU,2022-04-20 19:33:45,50.7214,136.6319,32.47,95,100,6.62
2,Djougou,BJ,2022-04-20 19:33:45,9.7085,1.666,80.8,60,100,1.59
3,Dalhousie,IN,2022-04-20 19:33:45,32.5333,75.9833,55.83,47,4,10.18
4,Yumen,CN,2022-04-20 19:33:46,40.2833,97.2,49.42,15,100,8.23
5,Thompson,CA,2022-04-20 19:33:46,55.7435,-97.8558,32.16,55,75,16.11
6,Victoria,HK,2022-04-20 19:33:14,22.2855,114.1577,73.18,84,92,5.01
7,Hermanus,ZA,2022-04-20 19:33:46,-34.4187,19.2345,63.36,83,100,2.06
8,Bojnurd,IR,2022-04-20 19:33:47,37.4747,57.329,55.35,67,0,2.3
9,Bredasdorp,ZA,2022-04-20 19:33:47,-34.5322,20.0403,65.28,58,100,3.13
10,Vila Franca Do Campo,PT,2022-04-20 19:33:47,37.7167,-25.4333,61.21,62,91,2.26
11,Dwarka,IN,2022-04-20 19:33:48,22.2394,68.9678,80.26,82,0,11.95
12,Kathu,TH,2022-04-20 19:33:48,7.9178,98.3332,76.82,79,100,7.56
13,Atuona,PF,2022-04-20 19:33:48,-9.8,-139.0333,78.82,74,38,17.63
14,Qaanaaq,GL,2022-04-20 19:33:49,77.484,-69.3632,-0.17,77,100,8.32
15,Berdigestyakh,RU,2022-04-20 19:33:49,62.0989,126.6992,9.0,99,98,2.57
16,Mataura,NZ,2022-04-20 19:33:49,-46.1927,168.8643,56.48,99,100,0.04
17,Kieta,PG,2022-04-20 19:33:50,-6.2167,155.6333,79.32,86,87,4.63
18,Kapaa,US,2022-04-20 19:33:50,22.0752,-159.319,78.78,77,20,16.11
19,Ostrovnoy,RU,2022-04-20 19:33:50,68.0531,39.5131,32.67,92,100,7.38
20,Freeport,US,2022-04-20 19:33:06,40.6576,-73.5832,60.78,30,0,13.8
21,Itea,GR,2022-04-20 19:33:51,38.4333,22.4167,59.18,79,1,8.43
22,Tasiilaq,GL,2022-04-20 19:33:51,65.6145,-37.6368,41.16,92,91,1.45
23,Barrow,US,2022-04-20 19:30:01,71.2906,-156.7887,1.42,85,0,10.36
24,Lavrentiya,RU,2022-04-20 19:33:51,65.5833,-171.0,19.72,79,2,2.37
25,Kiama,AU,2022-04-20 19:33:52,-34.6833,150.8667,59.0,78,0,5.99
26,Phra Phutthabat,TH,2022-04-20 19:33:52,14.7253,100.7954,81.77,79,62,3.24
27,Ust-Uda,RU,2022-04-20 19:33:52,54.1742,103.0304,31.69,81,100,7.4
28,Rikitea,PF,2022-04-20 19:33:53,-23.1203,-134.9692,78.57,72,2,19.04
29,Pangnirtung,CA,2022-04-20 19:33:53,66.1451,-65.7125,17.6,53,75,12.66
30,Aquiraz,BR,2022-04-20 19:33:53,-3.9014,-38.3911,86.09,82,54,8.48
31,Nikolskoye,RU,2022-04-20 19:33:54,59.7035,30.7861,49.89,95,19,8.66
32,Castro,BR,2022-04-20 19:33:54,-24.7911,-50.0119,69.57,64,0,2.62
33,Port Hedland,AU,2022-04-20 19:33:54,-20.3167,118.5667,80.65,32,90,5.75
34,Otradnoye,RU,2022-04-20 19:33:55,59.7775,30.8181,50.05,95,20,8.79
35,Asau,RO,2022-04-20 19:33:55,46.4333,26.4,41.95,79,94,3.94
36,Geraldton,AU,2022-04-20 19:31:13,-28.7667,114.6,66.61,48,95,14.97
37,Usvyaty,RU,2022-04-20 19:33:55,55.7456,30.7533,49.33,64,53,13.0
38,Marawi,PH,2022-04-20 19:33:56,7.9986,124.2928,68.88,92,100,2.37
39,Bauta,CU,2022-04-20 19:33:56,22.9828,-82.5464,87.69,48,75,16.11
40,Manzhouli,CN,2022-04-20 19:33:56,49.6,117.4333,31.03,39,35,7.96
41,Busselton,AU,2022-04-20 19:33:57,-33.65,115.3333,54.52,87,0,11.65
42,Chumikan,RU,2022-04-20 19:33:57,54.7183,135.315,19.76,97,85,2.13
43,Longyearbyen,SJ,2022-04-20 19:33:57,78.2186,15.6401,30.04,64,75,18.41
44,Saint George,US,2022-04-20 19:34:58,37.1041,-113.5841,77.25,20,0,5.01
45,Kajaani,FI,2022-04-20 19:34:58,64.2273,27.7285,37.45,81,0,3.44
46,Tottori,JP,2022-04-20 19:34:58,35.5,134.2333,56.1,82,100,9.15
47,Arraial Do Cabo,BR,2022-04-20 19:34:59,-22.9661,-42.0278,76.96,78,0,11.5
48,Los Llanos De Aridane,ES,2022-04-20 19:34:59,28.6585,-17.9182,62.35,71,75,16.11
49,Novyy Urgal,RU,2022-04-20 19:34:59,51.0736,132.5642,34.84,98,100,1.66
50,Kismayo,SO,2022-04-20 19:35:00,-0.3582,42.5454,81.79,78,100,7.78
51,Butaritari,KI,2022-04-20 19:35:00,3.0707,172.7902,80.74,81,85,14.79
52,Pevek,RU,2022-04-20 19:35:00,69.7008,170.3133,16.83,86,100,1.77
53,Jamestown,US,2022-04-20 19:34:40,42.097,-79.2353,52.52,38,0,6.91
54,Guerrero Negro,MX,2022-04-20 19:35:01,27.9769,-114.0611,69.15,58,79,20.29
55,Vestmannaeyjar,IS,2022-04-20 19:34:32,63.4427,-20.2734,46.62,88,100,21.32
56,Sinnamary,GF,2022-04-20 19:35:01,5.3833,-52.95,78.26,89,100,11.48
57,Medea,DZ,2022-04-20 19:35:02,36.2642,2.7539,44.02,71,100,12.24
58,La Rioja,ES,2022-04-20 19:35:02,42.25,-2.5,40.78,98,100,9.06
59,Albany,US,2022-04-20 19:35:03,42.6001,-73.9662,52.18,40,8,1.01
60,Palmer,US,2022-04-20 19:35:03,42.1584,-72.3287,56.25,33,20,13.8
61,Chepen,PE,2022-04-20 19:35:04,-7.2167,-79.45,79.29,55,32,11.3
62,Cape Town,ZA,2022-04-20 19:30:48,-33.9258,18.4232,68.27,66,0,4.61
63,Avarua,CK,2022-04-20 19:35:04,-21.2078,-159.775,78.85,69,75,13.8
64,Shestakovo,RU,2022-04-20 19:35:05,56.4915,103.96,28.04,90,100,7.9
65,Burnie,AU,2022-04-20 19:35:05,-41.0667,145.9167,49.51,65,4,8.01
66,Rancho Palos Verdes,US,2022-04-20 19:31:22,33.7445,-118.387,71.42,73,75,8.99
67,Jiuquan,CN,2022-04-20 19:35:06,39.7432,98.5174,47.1,17,71,2.04
68,Ajdabiya,LY,2022-04-20 19:35:06,30.7554,20.2263,66.58,39,5,6.33
69,Ponta Do Sol,PT,2022-04-20 19:35:06,32.6667,-17.1,64.71,63,20,7.02
70,Buchanan,LR,2022-04-20 19:35:07,5.8808,-10.0467,80.13,86,87,8.32
71,Saint-Pierre,RE,2022-04-20 19:35:07,-21.3393,55.4781,76.68,83,0,5.75
72,Vaini,TO,2022-04-20 19:35:07,-21.2,-175.2,75.36,94,75,13.11
73,Jalu,LY,2022-04-20 19:35:08,29.0331,21.5482,69.08,21,0,7.81
74,Anadyr,RU,2022-04-20 19:35:08,64.75,177.4833,30.7,86,75,8.95
75,Vidim,RU,2022-04-20 19:35:09,56.4088,103.1106,26.56,91,100,6.49
76,Seoul,KR,2022-04-20 19:34:44,37.5683,126.9778,47.77,62,0,4.61
77,Cidreira,BR,2022-04-20 19:31:28,-30.1811,-50.2056,69.93,70,0,7.67
78,Upernavik,GL,2022-04-20 19:35:09,72.7868,-56.1549,2.1,72,13,5.82
79,Codrington,AU,2022-04-20 19:35:10,-38.2667,141.9667,54.1,78,57,8.46
80,Baraboo,US,2022-04-20 19:32:45,43.4711,-89.7443,48.25,68,100,8.01
81,Ushuaia,AR,2022-04-20 19:35:10,-54.8,-68.3,49.66,62,75,10.36
82,Zomin,UZ,2022-04-20 19:35:11,39.9606,68.3958,54.32,87,70,4.54
83,Bonavista,CA,2022-04-20 19:35:11,48.6499,-53.1147,39.54,88,100,28.66
84,Ilo,PE,2022-04-20 19:35:11,-17.6394,-71.3375,70.66,68,0,17.27
85,Khatanga,RU,2022-04-20 19:35:12,71.9667,102.5,-16.4,100,100,1.7
86,Tura,IN,2022-04-20 19:35:12,25.5198,90.2201,66.78,74,1,2.91
87,East London,ZA,2022-04-20 19:35:13,-33.0153,27.9116,69.22,83,0,9.75
88,Palmeira Das Missoes,BR,2022-04-20 19:35:13,-27.8994,-53.3136,72.43,55,7,3.09
89,Ahipara,NZ,2022-04-20 19:35:13,-35.1667,173.1667,67.82,86,92,8.16
90,Souillac,MU,2022-04-20 19:35:14,-20.5167,57.5167,77.38,88,40,1.14
91,Saint-Francois,FR,2022-04-20 19:36:14,46.4154,3.9054,58.44,63,0,0.0
92,Cam Ranh,VN,2022-04-20 19:36:14,11.9214,109.1591,78.76,78,20,3.44
93,La Macarena,CO,2022-04-20 19:36:15,2.1837,-73.7849,77.32,92,98,3.83
94,Hithadhoo,MV,2022-04-20 19:36:15,-0.6,73.0833,83.08,70,96,3.8
95,Narsaq,GL,2022-04-20 19:36:16,60.9167,-46.05,39.42,47,55,3.09
96,Mar Del Plata,AR,2022-04-20 19:32:34,-38.0023,-57.5575,66.22,88,20,6.91
97,Japura,ID,2022-04-20 19:36:16,-0.3167,102.35,73.27,97,100,1.23
98,Acapulco,MX,2022-04-20 19:33:02,16.8634,-99.8901,85.82,70,0,8.05
99,Mwense,ZM,2022-04-20 19:36:17,-10.3845,28.698,66.4,93,97,2.91
100,Tinos,GR,2022-04-20 19:32:33,37.5375,25.1634,58.62,72,20,3.44
101,Kodiak,US,2022-04-20 19:36:18,57.79,-152.4072,42.31,70,20,6.91
102,Tuatapere,NZ,2022-04-20 19:36:18,-46.1333,167.6833,58.08,98,99,3.38
103,Bethel,US,2022-04-20 19:36:18,41.3712,-73.414,58.08,39,0,8.05
104,Faya,SA,2022-04-20 19:36:19,18.3851,42.4509,68.11,52,46,1.32
105,Yellowknife,CA,2022-04-20 19:36:19,62.456,-114.3525,30.72,34,0,8.05
106,Udachnyy,RU,2022-04-20 19:36:20,66.4167,112.4,14.45,85,100,6.15
107,Mishan,CN,2022-04-20 19:36:20,45.55,131.8833,52.83,53,8,4.99
108,Jumla,NP,2022-04-20 19:36:21,29.2747,82.1838,50.63,77,5,3.0
109,Talnakh,RU,2022-04-20 19:36:21,69.4865,88.3972,-2.92,91,46,4.09
110,Miedzyrzecz,PL,2022-04-20 19:36:22,52.4446,15.578,47.68,98,100,4.23
111,Cockburn Town,TC,2022-04-20 19:36:22,21.4612,-71.1419,80.56,69,75,11.5
112,Saldanha,ZA,2022-04-20 19:36:22,-33.0117,17.9442,66.25,89,86,7.67
113,Saint-Philippe,RE,2022-04-20 19:36:23,-21.3585,55.7679,76.59,86,47,3.36
114,Diffa,NE,2022-04-20 19:36:23,13.3154,12.6113,87.17,16,100,2.82
115,Hilo,US,2022-04-20 19:36:24,19.7297,-155.09,78.28,81,100,5.75
116,Talara,PE,2022-04-20 19:36:24,-4.5772,-81.2719,83.16,57,0,10.36
117,Shahreza,IR,2022-04-20 19:36:24,32.0339,51.8794,65.05,23,17,4.92
118,Bathsheba,BB,2022-04-20 19:36:25,13.2167,-59.5167,84.81,58,40,21.85
119,Condoto,CO,2022-04-20 19:36:25,5.0935,-76.6497,86.92,62,86,5.12
120,Chimbote,PE,2022-04-20 19:36:25,-9.0853,-78.5783,71.64,72,29,10.27
121,Coihaique,CL,2022-04-20 19:36:26,-45.5752,-72.0662,52.41,62,75,6.91
122,Muyezerskiy,RU,2022-04-20 19:36:26,63.9333,31.65,33.17,97,20,4.27
123,Dikson,RU,2022-04-20 19:36:26,73.5069,80.5464,-1.05,100,91,8.95
124,Pisco,PE,2022-04-20 19:36:27,-13.7,-76.2167,75.25,60,0,19.57
125,Whitehorse,CA,2022-04-20 19:36:27,60.7161,-135.0538,36.01,55,75,11.5
126,Kudahuvadhoo,MV,2022-04-20 19:36:27,2.6708,72.8944,83.98,70,75,6.4
127,Hobart,AU,2022-04-20 19:36:28,-42.8794,147.3294,48.06,70,7,5.75
128,Sarti,GR,2022-04-20 19:36:28,40.1,23.9833,57.25,75,7,5.03
129,Mahina,PF,2022-04-20 19:36:28,-17.5065,-149.489,83.97,65,75,9.22
130,Aguimes,ES,2022-04-20 19:36:29,27.9054,-15.4461,65.66,63,75,25.32
131,Jales,BR,2022-04-20 19:36:29,-20.2689,-50.5458,85.69,37,11,4.56
132,Constitucion,CL,2022-04-20 19:35:24,-35.3333,-72.4167,60.19,57,5,14.92
133,Tynda,RU,2022-04-20 19:36:29,55.1667,124.7167,10.15,93,18,3.47
134,Butterworth,MY,2022-04-20 19:37:30,5.3991,100.3638,78.84,94,20,2.3
135,Noumea,NC,2022-04-20 19:37:30,-22.2763,166.4572,75.99,99,47,3.09
136,Mahebourg,MU,2022-04-20 19:37:30,-20.4081,57.7,77.29,88,40,1.14
137,Vicosa,BR,2022-04-20 19:37:31,-20.7539,-42.8819,70.38,78,0,5.5
138,Vardo,NO,2022-04-20 19:37:31,70.3705,31.1107,35.58,93,0,2.3
139,Tomatlan,MX,2022-04-20 19:37:31,19.9333,-105.25,89.33,44,1,13.06
140,Kaeo,NZ,2022-04-20 19:37:31,-35.1,173.7833,67.32,97,97,10.04
141,Pauini,BR,2022-04-20 19:37:32,-7.7136,-66.9764,80.83,72,100,4.09
142,Bilibino,RU,2022-04-20 19:37:32,68.0546,166.4372,13.8,92,100,2.19
143,Chokurdakh,RU,2022-04-20 19:37:32,70.6333,147.9167,4.23,98,94,3.91
144,Terney,RU,2022-04-20 19:37:33,45.0503,136.6092,45.55,75,23,6.38
145,Cherskiy,RU,2022-04-20 19:37:33,68.75,161.3,15.49,84,98,4.16
146,Kuching,MY,2022-04-20 19:37:33,1.55,110.3333,77.22,94,20,2.3
147,Kaka,TM,2022-04-20 19:37:34,37.3482,59.6143,63.77,51,3,6.71
148,Port Macquarie,AU,2022-04-20 19:37:34,-31.4333,152.9167,54.9,83,10,4.92
149,Lagoa,PT,2022-04-20 19:37:34,39.05,-27.9833,59.04,64,9,6.35
150,Lakatoro,VU,2022-04-20 19:34:10,-16.0999,167.4164,80.46,82,28,7.14
151,Lompoc,US,2022-04-20 19:37:35,34.6391,-120.4579,73.02,64,0,18.41
152,Elbistan,TR,2022-04-20 19:37:35,38.2059,37.1983,54.3,54,4,3.31
153,Balaghat,IN,2022-04-20 19:37:35,21.8,80.1833,88.72,17,11,1.72
154,Swan Hill,AU,2022-04-20 19:37:36,-35.3378,143.5544,51.69,81,1,6.53
155,Methoni,GR,2022-04-20 19:37:36,36.8197,21.7049,58.21,77,5,2.35
156,Saint-Ambroise,CA,2022-04-20 19:37:36,48.5501,-71.3324,35.58,78,100,15.7
157,Ilulissat,GL,2022-04-20 19:37:37,69.2167,-51.1,15.82,45,0,8.05
158,Provideniya,RU,2022-04-20 19:37:37,64.3833,-173.3,26.22,77,56,4.9
159,Shache,CN,2022-04-20 19:37:37,38.4167,77.2406,69.04,22,82,10.98
160,Zhigansk,RU,2022-04-20 19:37:38,66.7697,123.3711,13.78,96,100,4.34
161,Biak,ID,2022-04-20 19:37:38,-0.9131,122.8766,75.94,84,99,1.34
162,Vila Velha,BR,2022-04-20 19:37:38,-20.3297,-40.2925,80.55,77,20,13.8
163,Cabo San Lucas,MX,2022-04-20 19:34:02,22.8909,-109.9124,78.06,69,0,8.05
164,Banda Aceh,ID,2022-04-20 19:37:39,5.5577,95.3222,79.66,80,92,3.42
165,Nanortalik,GL,2022-04-20 19:37:39,60.1432,-45.2371,30.56,63,84,10.67
166,Cayenne,GF,2022-04-20 19:34:39,4.9333,-52.3333,77.04,1,100,5.75
167,Morondava,MG,2022-04-20 19:37:39,-20.2833,44.2833,80.82,80,6,9.33
168,Atar,MR,2022-04-20 19:37:36,20.5169,-13.0499,88.7,16,21,10.38
169,Ciudad Bolivar,VE,2022-04-20 19:37:40,8.1222,-63.5497,94.48,33,83,11.97
170,San Francisco,US,2022-04-20 19:34:38,37.7749,-122.4194,70.86,58,20,12.66
171,Lufkin,US,2022-04-20 19:34:41,31.3382,-94.7291,80.83,67,75,16.11
172,Tuktoyaktuk,CA,2022-04-20 19:37:40,69.4541,-133.0374,3.2,85,40,4.61
173,Nizhnevartovsk,RU,2022-04-20 19:37:41,60.9344,76.5531,30.22,93,75,8.99
174,Khorramshahr,IR,2022-04-20 19:37:41,30.4397,48.1664,78.76,31,0,6.91
175,Puerto Ayora,EC,2022-04-20 19:37:41,-0.7393,-90.3518,78.76,82,100,9.04
176,Mehamn,NO,2022-04-20 19:37:42,71.0357,27.8492,39.11,93,83,6.35
177,Faanui,PF,2022-04-20 19:37:42,-16.4833,-151.75,80.78,69,9,6.33
178,Pundaguitan,PH,2022-04-20 19:37:42,6.3711,126.1689,81.79,77,100,9.33
179,Hami,CN,2022-04-20 19:37:30,42.8,93.45,60.48,11,91,17.25
180,Lata,PT,2022-04-20 19:37:43,40.1629,-8.3327,55.08,77,3,7.92
181,Port Elizabeth,ZA,2022-04-20 19:36:35,-33.918,25.5701,69.31,76,0,4.61
182,Clyde River,CA,2022-04-20 19:38:43,70.4692,-68.5914,3.43,78,75,13.8
183,Copiapo,CL,2022-04-20 19:38:53,-27.3667,-70.3333,67.69,34,53,7.0
184,Nantucket,US,2022-04-20 19:38:54,41.2835,-70.0995,57.34,44,0,20.71
185,Bluff,NZ,2022-04-20 19:38:54,-46.6,168.3333,56.8,94,100,3.2
186,Karratha,AU,2022-04-20 19:38:54,-20.7377,116.8463,82.76,39,54,8.21
187,Paranhos,BR,2022-04-20 19:39:05,-23.8928,-55.4311,78.03,59,81,6.15
188,Ulladulla,AU,2022-04-20 19:39:05,-35.35,150.4667,56.3,78,100,3.65
189,Hambantota,LK,2022-04-20 19:39:05,6.1241,81.1185,79.56,85,5,4.07
190,Kavieng,PG,2022-04-20 19:39:16,-2.5744,150.7967,82.69,75,81,14.47
191,Asfi,MA,2022-04-20 19:39:16,32.2994,-9.2372,59.79,65,0,18.32
192,Luderitz,NA,2022-04-20 19:39:16,-26.6481,15.1594,71.11,43,2,6.13
193,Tiksi,RU,2022-04-20 19:39:17,71.6872,128.8694,6.12,99,100,4.32
194,Port Alfred,ZA,2022-04-20 19:39:17,-33.5906,26.891,71.28,75,9,11.41
195,Podor,MR,2022-04-20 19:39:17,16.6527,-14.9587,102.15,21,0,2.3
196,Komsomolskiy,UZ,2022-04-20 19:39:28,40.4272,71.7189,59.72,77,100,4.61
197,Bubaque,GW,2022-04-20 19:37:39,11.2833,-15.8333,76.05,77,92,18.9
198,Severo-Kurilsk,RU,2022-04-20 19:39:28,50.6789,156.125,33.75,92,64,9.71
199,Saint-Georges,GD,2022-04-20 19:38:33,12.0564,-61.7485,87.48,55,20,24.16
200,Derzhavinsk,KZ,2022-04-20 19:39:28,51.1,66.3167,58.3,61,98,12.37
201,Thinadhoo,MV,2022-04-20 19:39:29,0.5333,72.9333,83.32,73,43,4.25
202,Inongo,CD,2022-04-20 19:39:29,-1.95,18.2667,73.11,94,100,4.47
203,San Ramon De La Nueva Oran,AR,2022-04-20 19:39:30,-23.1322,-64.326,85.6,43,55,4.9
204,Praia Da Vitoria,PT,2022-04-20 19:39:30,38.7333,-27.0667,62.85,77,75,3.18
205,Tautira,PF,2022-04-20 19:39:30,-17.7333,-149.15,80.67,72,20,9.89
206,La Trinidad,PH,2022-04-20 19:39:31,16.455,120.5875,61.41,88,7,3.62
207,Iqaluit,CA,2022-04-20 19:39:41,63.7506,-68.5145,20.93,68,100,3.44
208,Waterloo,CA,2022-04-20 19:37:05,43.4668,-80.5164,49.01,43,20,10.36
209,Norman Wells,CA,2022-04-20 19:39:41,65.282,-126.8329,28.44,37,0,3.44
210,Mao,ES,2022-04-20 19:39:42,39.8885,4.2658,57.76,77,20,5.75
211,Brae,GB,2022-04-20 19:39:42,60.3964,-1.353,45.72,84,100,9.51
212,Hobyo,SO,2022-04-20 19:39:42,5.3505,48.5268,83.01,65,99,12.84
213,Phalaborwa,ZA,2022-04-20 19:39:53,-23.943,31.1411,65.32,77,100,7.31
214,Sistranda,NO,2022-04-20 19:39:53,63.7256,8.834,48.16,80,0,8.63
215,Pangody,RU,2022-04-20 19:39:53,65.85,74.4859,3.65,92,100,19.13
216,Buala,SB,2022-04-20 19:39:57,-8.145,159.5921,80.44,83,58,6.33
217,Turukhansk,RU,2022-04-20 19:39:57,65.8167,87.9833,20.98,94,100,17.67
218,Bengkulu,ID,2022-04-20 19:39:57,-3.8004,102.2655,75.85,90,100,9.1
219,Saskylakh,RU,2022-04-20 19:39:58,71.9167,114.0833,-2.06,100,100,3.58
220,Mount Isa,AU,2022-04-20 19:39:58,-20.7333,139.5,71.37,23,3,12.66
221,New Norfolk,AU,2022-04-20 19:39:58,-42.7826,147.0587,47.7,65,8,1.99
222,Maxixe,MZ,2022-04-20 19:39:59,-23.8597,35.3472,75.02,88,40,6.91
223,San Rafael,AR,2022-04-20 19:39:59,-34.6177,-68.3301,66.74,38,5,11.14
224,Batagay-Alyta,RU,2022-04-20 19:39:59,67.8006,130.4114,15.35,96,100,4.09
225,Chuy,UY,2022-04-20 19:40:00,-33.6971,-53.4616,71.69,61,0,11.77
226,Shimoda,JP,2022-04-20 19:40:00,34.6667,138.95,54.1,80,99,7.52
227,Sanming,CN,2022-04-20 19:40:00,26.2486,117.6186,63.66,98,100,0.16
228,Nosy Varika,MG,2022-04-20 19:41:01,-20.5833,48.5333,74.97,89,61,7.25
229,Bambous Virieux,MU,2022-04-20 19:41:01,-20.3428,57.7575,77.25,88,40,1.14
230,Fertod,HU,2022-04-20 19:41:02,47.6195,16.8868,43.12,62,38,4.34
231,Taltal,CL,2022-04-20 19:41:02,-25.4,-70.4833,65.68,74,68,6.87
232,Vieux-Habitants,GP,2022-04-20 19:41:03,16.0589,-61.7659,82.71,56,99,12.53
233,Plettenberg Bay,ZA,2022-04-20 19:41:03,-34.0527,23.3716,71.91,41,80,6.6
234,Les Cayes,HT,2022-04-20 19:41:03,18.2,-73.75,79.23,77,100,6.22
235,Kruisfontein,ZA,2022-04-20 19:41:04,-34.0033,24.7314,66.88,38,88,3.24
236,Kashima,JP,2022-04-20 19:41:05,33.1061,130.0906,61.72,67,100,2.44
237,Imeni Poliny Osipenko,RU,2022-04-20 19:41:06,52.4201,136.4853,30.7,94,100,9.48
238,Namibe,AO,2022-04-20 19:37:36,-15.1961,12.1522,76.15,86,100,4.23
239,Balurghat,IN,2022-04-20 19:41:06,25.2167,88.7667,73.56,78,11,6.26
240,Vanimo,PG,2022-04-20 19:41:06,-2.6741,141.3028,77.7,89,100,5.17
241,Saint Anthony,US,2022-04-20 19:39:00,45.0205,-93.218,44.92,91,100,11.5
242,Elliot,ZA,2022-04-20 19:41:07,-31.3333,27.85,55.87,58,2,7.16
243,Lexington,US,2022-04-20 19:40:01,37.9887,-84.4777,71.49,34,0,10.36
244,Padang,ID,2022-04-20 19:41:07,-0.9492,100.3543,75.9,93,100,4.63
245,Bougouni,ML,2022-04-20 19:41:08,11.417,-7.479,92.48,10,7,4.83
246,Canutama,BR,2022-04-20 19:41:08,-6.5339,-64.3831,80.64,92,89,1.32
247,Abha,SA,2022-04-20 19:36:55,18.2164,42.5053,67.82,73,0,4.61
248,Moose Factory,CA,2022-04-20 19:41:09,51.2585,-80.6094,42.8,36,0,13.8
249,Naze,JP,2022-04-20 19:41:09,28.3667,129.4833,68.92,77,100,7.07
250,Prince Rupert,CA,2022-04-20 19:41:09,54.3161,-130.3201,51.89,50,0,10.36
251,Alofi,NU,2022-04-20 19:41:10,-19.0595,-169.9187,76.89,94,76,3.44
252,Port Blair,IN,2022-04-20 19:41:10,11.6667,92.75,84.24,79,20,2.3
253,Takoradi,GH,2022-04-20 19:41:11,4.8845,-1.7554,80.89,87,12,12.28
254,La Ronge,CA,2022-04-20 19:41:11,55.1001,-105.2842,37.65,41,75,10.36
255,Fengzhen,CN,2022-04-20 19:41:11,40.4394,113.1536,54.77,20,88,15.46
256,Sainte-Adele,CA,2022-04-20 19:38:26,45.9501,-74.1325,45.1,62,93,1.01
257,Aswan,EG,2022-04-20 19:41:12,24.0934,32.907,79.9,14,0,9.22
258,Sibolga,ID,2022-04-20 19:41:12,1.7427,98.7792,76.03,88,100,3.18
259,Manthani,IN,2022-04-20 19:41:13,18.65,79.6667,89.56,44,32,12.86
260,Georgetown,MY,2022-04-20 19:39:44,5.4112,100.3354,78.73,93,20,2.3
261,Brumado,BR,2022-04-20 19:41:13,-14.2036,-41.6653,83.3,50,43,6.02
262,Gbarnga,LR,2022-04-20 19:41:14,6.9956,-9.4722,76.86,84,56,4.43
263,Broome,US,2022-04-20 19:41:14,42.2506,-75.833,54.01,46,0,8.05
264,Ergani,TR,2022-04-20 19:41:14,38.2653,39.7621,54.55,48,0,3.85
265,Dong Xoai,VN,2022-04-20 19:41:15,11.5333,106.9167,74.93,91,97,2.24
266,Mount Pleasant,US,2022-04-20 19:37:04,32.7941,-79.8626,70.0,56,20,11.5
267,Arifwala,PK,2022-04-20 19:41:15,30.294,73.0735,82.33,21,0,5.39
268,Nsanje,MW,2022-04-20 19:41:16,-16.92,35.262,69.66,89,46,3.8
269,Kamenka,RU,2022-04-20 19:41:16,51.3223,42.7678,51.26,88,89,14.09
270,Rocha,UY,2022-04-20 19:38:26,-34.4833,-54.3333,76.35,47,1,7.07
271,Bowen,AU,2022-04-20 19:41:16,-20.0167,148.2333,74.95,91,100,11.7
272,Greenville,US,2022-04-20 19:38:46,35.6127,-77.3663,64.13,29,0,3.44
273,Vallenar,CL,2022-04-20 19:42:17,-28.5708,-70.7581,76.53,28,96,7.38
274,Umea,SE,2022-04-20 19:42:17,63.8284,20.2597,38.91,81,0,0.0
275,Leshukonskoye,RU,2022-04-20 19:42:18,64.8989,45.7622,22.03,96,24,3.38
276,Coahuayana,MX,2022-04-20 19:42:18,18.7333,-103.6833,91.67,36,0,8.52
277,Kolpashevo,RU,2022-04-20 19:42:18,58.3131,82.9089,36.12,96,99,5.86
278,Semnan,IR,2022-04-20 19:42:19,35.5729,53.3971,69.64,18,0,0.0
279,Puro,PH,2022-04-20 19:42:19,12.4841,123.3827,79.3,86,55,6.98
280,Suez,EG,2022-04-20 19:42:19,29.9737,32.5263,61.7,61,0,11.27
281,Banes,CU,2022-04-20 19:42:20,20.9625,-75.7186,80.76,69,46,14.03
282,Guangshui,CN,2022-04-20 19:42:20,31.6199,113.9978,55.18,93,0,4.65
283,Makakilo City,US,2022-04-20 19:42:20,21.3469,-158.0858,79.12,63,0,11.5
284,Ancud,CL,2022-04-20 19:42:21,-41.8697,-73.8203,52.23,73,100,13.09
285,Neepawa,CA,2022-04-20 19:42:21,50.2289,-99.4664,45.0,99,77,9.91
286,Bondo,CD,2022-04-20 19:42:21,3.8146,23.6866,70.0,99,89,2.1
287,Korla,CN,2022-04-20 19:42:22,41.7597,86.1469,65.12,19,100,14.05
288,Husavik,IS,2022-04-20 19:42:22,66.0449,-17.3389,42.98,85,87,10.33
289,Esperance,AU,2022-04-20 19:42:23,-33.8667,121.9,57.04,76,85,7.61
290,Maralal,KE,2022-04-20 19:42:23,1.0968,36.698,61.75,85,61,7.45
291,Pullman,US,2022-04-20 19:42:23,46.7313,-117.1796,54.23,59,40,18.01
292,Marabba,SD,2022-04-20 19:42:24,12.35,32.1833,94.66,14,62,1.14
293,Boquira,BR,2022-04-20 19:42:24,-12.8231,-42.7306,79.66,59,78,4.92
294,San Quintin,MX,2022-04-20 19:42:24,30.4833,-115.95,66.47,62,0,24.2
295,Fontem,CM,2022-04-20 19:42:25,5.4685,9.8818,70.05,89,100,2.04
296,Necochea,AR,2022-04-20 19:42:25,-38.5473,-58.7368,68.59,64,93,7.29
297,Baykit,RU,2022-04-20 19:42:25,61.67,96.37,6.96,98,98,1.81
298,Novoagansk,RU,2022-04-20 19:42:25,61.9449,76.6625,14.7,93,84,7.99
299,Lebu,CL,2022-04-20 19:42:26,-37.6167,-73.65,55.83,65,1,9.82
300,Mount Gambier,AU,2022-04-20 19:42:26,-37.8333,140.7667,51.71,93,100,4.61
301,Sao Filipe,CV,2022-04-20 19:42:26,14.8961,-24.4956,73.06,78,68,6.11
302,Liepaja,LV,2022-04-20 19:42:27,56.5419,21.0367,51.78,50,0,5.75
303,Firminopolis,BR,2022-04-20 19:42:27,-16.5819,-50.305,82.08,48,2,4.05
304,Bandarbeyla,SO,2022-04-20 19:42:27,9.4942,50.8122,81.09,72,5,8.23
305,Kimbe,PG,2022-04-20 19:42:28,-5.5502,150.1429,75.69,92,57,3.36
306,Jinchang,CN,2022-04-20 19:42:28,38.4953,102.1739,51.58,15,100,5.41
307,Bac Lieu,VN,2022-04-20 19:42:28,9.285,105.7244,81.73,79,100,13.53
308,Kenora,CA,2022-04-20 19:40:19,49.8167,-94.4337,32.97,93,100,10.36
309,Liwale,TZ,2022-04-20 19:42:29,-9.7667,37.9333,68.52,98,75,4.23
310,Mednogorsk,RU,2022-04-20 19:42:29,51.4128,57.595,57.45,57,100,4.41
311,Gat,IL,2022-04-20 19:42:29,31.61,34.7642,61.81,100,0,5.93
312,Mareeba,AU,2022-04-20 19:42:30,-17.0,145.4333,72.45,89,94,2.75
313,Kiunga,PG,2022-04-20 19:42:30,-6.1219,141.2906,72.95,100,98,1.12
314,Beringovskiy,RU,2022-04-20 19:39:21,63.05,179.3167,26.37,96,97,2.57
315,Taoudenni,ML,2022-04-20 19:42:30,22.6783,-3.9836,91.96,10,1,10.58
316,Carnarvon,AU,2022-04-20 19:42:31,-24.8667,113.6333,66.27,55,69,8.05
317,Shahr-E Babak,IR,2022-04-20 19:40:05,30.1165,55.1186,63.57,11,13,3.11
318,Fairbanks,US,2022-04-20 19:40:46,64.8378,-147.7164,41.49,39,0,3.0
319,Itaituba,BR,2022-04-20 19:42:31,-4.2761,-55.9836,78.96,94,75,4.61
320,Sheridan,US,2022-04-20 19:42:32,44.8333,-106.9173,54.3,36,75,14.97
321,Viedma,AR,2022-04-20 19:42:32,-40.8135,-62.9967,54.46,86,100,22.68
322,Coquimbo,CL,2022-04-20 19:43:32,-29.9533,-71.3436,60.53,77,40,10.36
323,Hirara,JP,2022-04-20 19:43:32,24.8,125.2833,74.07,82,100,16.06
324,Shingu,JP,2022-04-20 19:43:33,33.7333,135.9833,58.26,71,100,4.94
325,Arlit,NE,2022-04-20 19:38:58,18.7369,7.3853,92.39,10,88,5.46
326,Srednekolymsk,RU,2022-04-20 19:43:33,67.45,153.6833,10.58,90,46,2.35
327,Conde,BR,2022-04-20 19:39:56,-7.2597,-34.9075,81.86,83,75,10.36
328,Inuvik,CA,2022-04-20 19:43:34,68.3499,-133.7218,11.41,85,20,5.75
329,Kizner,RU,2022-04-20 19:43:34,56.2749,51.508,33.1,97,13,4.63
330,San Cristobal,VE,2022-04-20 19:43:34,7.7669,-72.225,80.78,72,99,0.87
331,Alice Springs,AU,2022-04-20 19:42:02,-23.7,133.8833,49.55,57,62,0.0
332,Ixtapa,MX,2022-04-20 19:43:35,20.7,-105.2,78.03,69,0,13.8
333,Nyurba,RU,2022-04-20 19:43:35,63.2842,118.3319,18.55,94,100,6.46
334,Voh,NC,2022-04-20 19:43:35,-20.9667,164.7,72.16,88,14,4.03
335,Koungou,YT,2022-04-20 19:43:36,-12.7336,45.2042,83.91,79,0,12.66
336,Keffi,NG,2022-04-20 19:43:36,8.8486,7.8736,87.6,49,97,2.86
337,Otane,NZ,2022-04-20 19:43:36,-39.8833,176.6333,64.0,87,100,5.1
338,Aklavik,CA,2022-04-20 19:43:36,68.2191,-135.0107,15.8,73,0,4.61
339,Lorengau,PG,2022-04-20 19:43:37,-2.0226,147.2712,82.15,73,68,11.12
340,Hit,IQ,2022-04-20 19:43:37,33.6416,42.8251,70.5,23,3,11.97
341,Port Lincoln,AU,2022-04-20 19:43:37,-34.7333,135.8667,60.49,65,95,6.8
342,Mount Darwin,ZW,2022-04-20 19:43:38,-16.7725,31.5838,60.64,95,100,3.8
343,Tiznit,MA,2022-04-20 19:43:38,29.5833,-9.5,55.6,72,15,12.37
344,Iranshahr,IR,2022-04-20 19:43:38,27.2025,60.6848,77.34,14,0,4.61
345,Hasaki,JP,2022-04-20 19:42:56,35.7333,140.8333,54.28,86,72,7.72
346,Ucluelet,CA,2022-04-20 19:43:39,48.9329,-125.5528,52.11,66,100,4.0
347,Avera,US,2022-04-20 19:43:39,33.194,-82.5271,72.55,40,56,10.25
348,Evensk,RU,2022-04-20 19:43:39,61.95,159.2333,19.53,94,100,5.08
349,Severo-Yeniseyskiy,RU,2022-04-20 19:43:40,60.3725,93.0408,19.02,97,100,3.33
350,Comodoro Rivadavia,AR,2022-04-20 19:43:40,-45.8667,-67.5,64.26,29,0,20.71
351,Launceston,AU,2022-04-20 19:43:40,-41.45,147.1667,47.8,77,17,3.0
352,Healdsburg,US,2022-04-20 19:43:41,38.6105,-122.8692,65.7,65,100,16.11
353,Henties Bay,NA,2022-04-20 19:43:41,-22.116,14.2845,70.66,61,39,7.87
354,Kurumkan,RU,2022-04-20 19:43:41,54.3,110.3,28.78,77,93,5.12
355,Chagoda,RU,2022-04-20 19:43:42,59.164,35.3285,40.41,95,44,8.81
356,Kropotkin,RU,2022-04-20 19:43:42,45.4375,40.5756,42.19,81,11,6.26
357,Grindavik,IS,2022-04-20 19:43:42,63.8424,-22.4338,48.15,93,75,11.5
358,Yulara,AU,2022-04-20 19:43:43,-25.2406,130.9889,58.84,38,46,6.91
359,Winnemucca,US,2022-04-20 19:43:43,40.973,-117.7357,60.85,21,0,9.22
360,Gigmoto,PH,2022-04-20 19:43:43,13.7796,124.39,79.11,88,26,5.35
361,Chifeng,CN,2022-04-20 19:43:44,42.2683,118.9636,63.32,23,100,10.22
362,Dingle,PH,2022-04-20 19:43:44,10.9995,122.6711,76.48,90,16,6.51
363,Holland,US,2022-04-20 19:43:44,42.7875,-86.1089,52.3,52,100,13.8
364,Birin,NP,2022-04-20 19:43:44,26.8865,88.0718,57.94,83,34,3.09
365,Ukiah,US,2022-04-20 19:40:03,39.1502,-123.2078,55.36,90,100,11.5
366,Paamiut,GL,2022-04-20 19:43:45,61.994,-49.6678,25.83,59,100,3.02
367,Sayyan,YE,2022-04-20 19:43:45,15.1718,44.3244,63.66,24,5,9.17
368,Massillon,US,2022-04-20 19:43:45,40.7967,-81.5215,58.55,42,40,6.91
369,Roma,US,2022-04-20 19:44:03,43.2128,-75.4557,48.81,49,75,15.99
370,Bayamo,CU,2022-04-20 19:44:46,20.3792,-76.6433,81.79,68,62,10.8
371,Alta Floresta,BR,2022-04-20 19:44:46,-9.8756,-56.0861,93.02,55,40,5.75
372,Khasan,RU,2022-04-20 19:44:47,42.4308,130.6434,42.73,92,1,5.3
373,Kununurra,AU,2022-04-20 19:44:47,-15.7667,128.7333,76.98,69,99,5.75
374,Springbok,ZA,2022-04-20 19:44:47,-29.6643,17.8865,69.69,24,32,4.12
375,Malakal,SS,2022-04-20 19:44:47,9.5334,31.6605,88.43,44,37,4.12
376,Iquitos,PE,2022-04-20 19:44:48,-3.7481,-73.2472,84.24,79,75,9.22
377,Shelburne,CA,2022-04-20 19:44:48,44.0787,-80.2041,47.12,60,35,6.24
378,Worland,US,2022-04-20 19:44:48,44.0169,-107.9554,59.67,23,20,5.99
379,Xiaoweizhai,CN,2022-04-20 19:44:49,26.1903,107.5125,55.08,96,100,3.69
380,Baruun-Urt,MN,2022-04-20 19:44:49,46.6806,113.2792,33.85,36,100,21.23
381,Tabou,CI,2022-04-20 19:44:49,4.423,-7.3528,80.44,82,96,9.6
382,Bayangol,RU,2022-04-20 19:44:50,50.6977,103.4656,23.61,87,98,2.3
383,Quelimane,MZ,2022-04-20 19:44:50,-17.8786,36.8883,75.15,94,75,12.66
384,Kuytun,RU,2022-04-20 19:44:31,54.3419,101.5036,31.06,80,100,7.85
385,Barcelos,PT,2022-04-20 19:44:25,41.5388,-8.6151,55.85,76,1,10.89
386,Saint Andrews,US,2022-04-20 19:44:50,34.0454,-81.1293,72.86,35,75,8.05
387,Marzuq,YE,2022-04-20 19:44:51,14.4,46.4667,70.52,49,1,6.87
388,Pizarro,CO,2022-04-20 19:44:51,4.9533,-77.366,82.11,72,83,8.88
389,Zhangye,CN,2022-04-20 19:44:51,38.9342,100.4517,51.26,16,55,7.11
390,Nouadhibou,MR,2022-04-20 19:44:52,20.931,-17.0347,67.98,73,16,17.27
391,Vila Verde,PT,2022-04-20 19:44:52,41.6473,-8.4372,53.42,74,1,5.26
392,Jonesboro,US,2022-04-20 19:40:23,35.8423,-90.7043,51.62,87,100,13.8
393,Pandhurna,IN,2022-04-20 19:44:52,21.6,78.5167,90.16,15,88,4.36
394,Trzebiatow,PL,2022-04-20 19:44:53,54.0615,15.2648,46.85,90,100,14.12
395,Quatre Cocos,MU,2022-04-20 19:41:21,-20.2078,57.7625,77.11,81,100,5.08
396,Ribeira Grande,PT,2022-04-20 19:44:53,38.5167,-28.7,63.0,63,75,3.44
397,Silute,LT,2022-04-20 19:44:53,55.3489,21.4831,48.2,78,100,1.14
398,Keetmanshoop,NA,2022-04-20 19:44:54,-26.5833,18.1333,70.72,35,0,8.05
399,Denpasar,ID,2022-04-20 19:40:29,-8.65,115.2167,76.71,94,20,3.44
400,Tromso,NO,2022-04-20 19:43:12,69.6496,18.957,44.62,70,0,4.61
401,Ravar,IR,2022-04-20 19:44:54,31.2656,56.8055,69.53,15,88,2.73
402,Ulkan,RU,2022-04-20 19:44:54,57.243,107.3223,25.5,86,100,6.93
403,Palmdale,US,2022-04-20 19:44:55,34.5794,-118.1165,68.49,43,0,18.41
404,Mollendo,PE,2022-04-20 19:44:55,-17.0231,-72.0147,70.57,73,57,8.63
405,Luwuk,ID,2022-04-20 19:44:55,-0.9516,122.7875,77.11,85,98,2.44
406,Sarahan,IN,2022-04-20 19:44:56,31.5167,77.8,54.28,53,100,7.4
407,Maningrida,AU,2022-04-20 19:44:56,-12.0667,134.2667,75.78,87,55,6.4
408,Richards Bay,ZA,2022-04-20 19:44:56,-28.783,32.0377,64.2,88,100,6.73
409,Katsuura,JP,2022-04-20 19:43:41,35.1333,140.3,56.61,88,83,4.38
410,Parabel,RU,2022-04-20 19:44:57,58.6978,81.4825,34.27,94,100,5.06
411,Muros,ES,2022-04-20 19:44:57,42.7762,-9.0603,50.29,72,6,8.81
412,Galle,LK,2022-04-20 19:44:57,6.0367,80.217,80.46,80,58,1.66
413,Kaitangata,NZ,2022-04-20 19:44:58,-46.2817,169.8464,56.95,99,80,1.59
414,Tazovskiy,RU,2022-04-20 19:41:23,67.4667,78.7,10.85,95,100,11.99
415,Shar,KZ,2022-04-20 19:44:58,49.5886,81.0453,50.59,63,78,3.8
416,Klaksvik,FO,2022-04-20 19:44:58,62.2266,-6.589,47.32,92,5,14.9
417,Yar-Sale,RU,2022-04-20 19:44:59,66.8333,70.8333,8.6,88,100,22.77
418,Pio Ix,BR,2022-04-20 19:44:59,-6.8375,-40.5792,80.19,64,72,6.26
419,Mumford,GH,2022-04-20 19:45:59,5.2618,-0.759,81.14,85,82,13.96
420,Kousseri,CM,2022-04-20 19:46:00,12.0769,15.0306,91.36,17,100,3.44
421,Gunjur,GM,2022-04-20 19:46:00,13.2019,-16.7339,75.27,69,0,11.5
422,Ca Mau,VN,2022-04-20 19:46:00,9.1769,105.15,79.88,84,100,7.34
423,Yerbogachen,RU,2022-04-20 19:46:01,61.2767,108.0108,11.1,96,35,3.53
424,Pocone,BR,2022-04-20 19:46:01,-16.2567,-56.6228,92.19,38,19,4.41
425,Pangai,TO,2022-04-20 19:46:01,-19.8,-174.35,80.71,78,75,6.91
426,Sibu,MY,2022-04-20 19:46:02,2.3,111.8167,75.51,94,40,2.3
427,Sukhumi,GE,2022-04-20 19:46:02,43.0033,41.0153,49.75,94,97,1.05
428,Warri,NG,2022-04-20 19:46:02,5.5167,5.75,78.28,91,71,3.11
429,Najran,SA,2022-04-20 19:46:03,17.4924,44.1277,81.25,20,66,0.2
430,Castanheira De Pera,PT,2022-04-20 19:46:03,40.0072,-8.2105,47.68,85,10,7.18
431,Chambar,PK,2022-04-20 19:46:04,25.2931,68.812,83.25,58,27,7.87
432,Hailar,CN,2022-04-20 19:46:04,49.2,119.7,33.48,28,100,5.75
433,Jurm,AF,2022-04-20 19:46:04,36.8648,70.8342,51.82,91,99,3.65
434,San Andres,CO,2022-04-20 19:46:05,12.5847,-81.7006,86.02,66,40,6.91
435,Belyy Yar,RU,2022-04-20 19:46:05,53.6039,91.3903,37.29,75,0,4.47
436,Buraydah,SA,2022-04-20 19:46:05,26.326,43.975,84.65,18,76,13.47
437,Camacha,PT,2022-04-20 19:46:06,33.0833,-16.3333,58.42,67,75,17.27
438,Polunochnoye,RU,2022-04-20 19:46:06,60.8697,60.4153,24.3,93,69,3.8
439,Leningradskiy,RU,2022-04-20 19:46:06,69.3833,178.4167,15.67,92,63,4.14
440,Malkerns,SZ,2022-04-20 19:46:07,-26.5667,31.1833,55.81,90,100,3.47
441,Zaraza,VE,2022-04-20 19:46:07,9.3503,-65.3245,95.36,35,88,8.81
442,Dawson Creek,CA,2022-04-20 19:45:27,55.7666,-120.2362,28.04,74,100,4.61
443,Wenatchee,US,2022-04-20 19:46:08,47.4235,-120.3103,54.37,45,0,6.91
444,Vao,NC,2022-04-20 19:46:08,-22.6667,167.4833,74.7,72,2,7.16
445,Limon,CR,2022-04-20 19:46:08,10.0,-83.0333,85.89,66,0,10.36
446,Luang Prabang,LA,2022-04-20 19:46:09,19.8856,102.1347,69.69,97,27,0.49
447,Vikramasingapuram,IN,2022-04-20 19:46:09,8.714,77.3893,80.47,84,44,3.91
448,Plastun,RU,2022-04-20 19:46:09,44.7561,136.2939,45.18,72,49,4.7
449,Gardone Val Trompia,IT,2022-04-20 19:46:10,45.6942,10.187,53.46,58,100,1.45
450,Kupino,RU,2022-04-20 19:46:10,54.3663,77.2981,43.39,72,98,2.89
451,Mazagao,BR,2022-04-20 19:46:10,-0.115,-51.2894,78.85,83,95,4.03
452,Patrocinio,BR,2022-04-20 19:46:11,-18.9439,-46.9925,75.6,55,16,3.15
453,Hegang,CN,2022-04-20 19:46:11,47.4,130.3667,63.05,29,100,13.69
454,Beloha,MG,2022-04-20 19:46:11,-25.1667,45.05,72.7,85,93,16.2
455,Khandyga,RU,2022-04-20 19:46:12,62.6667,135.6,19.49,97,100,0.96
456,Havre,FR,2022-04-20 19:46:12,49.5833,0.3333,56.34,71,0,5.75
457,Charlottetown,CA,2022-04-20 19:42:09,46.2352,-63.1267,52.09,45,75,24.16
458,Moshenskoye,RU,2022-04-20 19:46:12,58.5102,34.5911,41.65,94,12,9.44
459,Sitka,US,2022-04-20 19:46:13,57.0531,-135.33,48.09,57,40,4.61
460,Bharatpur,IN,2022-04-20 19:46:13,27.2167,77.4833,90.12,15,100,3.83
461,Boyuibe,BO,2022-04-20 19:46:13,-20.4167,-63.2833,86.45,37,11,8.23
462,Sainte-Anne-Des-Monts,CA,2022-04-20 19:46:14,49.124,-66.4924,39.07,65,78,36.82
463,Waw,SS,2022-04-20 19:46:14,7.7029,27.9953,85.21,47,99,4.14
464,Grakhovo,RU,2022-04-20 19:46:15,56.0502,51.9676,36.01,93,10,7.0
465,Meadow Lake,US,2022-04-20 19:46:15,34.8014,-106.5436,82.62,7,22,23.85
466,Kyabram,AU,2022-04-20 19:47:15,-36.3167,145.05,51.87,86,4,6.11
467,Lugoba,TZ,2022-04-20 19:47:16,-6.45,38.3333,71.69,97,100,0.51
468,Santa Vitoria Do Palmar,BR,2022-04-20 19:46:23,-33.5189,-53.3681,71.33,61,1,10.49
469,Labuan,MY,2022-04-20 19:47:16,5.2767,115.2417,75.56,100,20,0.0
470,Axim,GH,2022-04-20 19:47:17,4.8699,-2.2405,81.43,86,37,11.97
471,Tarakan,ID,2022-04-20 19:47:17,3.3,117.6333,76.5,94,40,2.3
472,Riohacha,CO,2022-04-20 19:47:17,11.5444,-72.9072,82.51,78,75,6.91
473,Puerto Penasco,MX,2022-04-20 19:47:18,31.3167,-113.5333,75.9,75,0,5.01
474,Chuguyevka,RU,2022-04-20 19:47:18,44.1653,133.8633,45.32,62,6,5.57
475,Moron,AR,2022-04-20 19:47:18,-34.6534,-58.6198,79.95,50,74,5.75
476,Loa Janan,ID,2022-04-20 19:47:19,-0.583,117.095,73.15,97,100,1.25
477,Callaway,US,2022-04-20 19:45:40,30.153,-85.5699,79.99,41,0,12.66
478,Miri,MY,2022-04-20 19:47:19,4.4148,114.0089,77.14,94,40,3.44
479,Afyonkarahisar,TR,2022-04-20 19:47:20,38.75,30.6667,46.09,54,2,3.42
480,Santa Helena,BR,2022-04-20 19:47:20,-2.2311,-45.3,78.22,94,100,3.33
481,High Level,CA,2022-04-20 19:47:20,58.5169,-117.136,32.11,40,20,11.5
482,Pontes E Lacerda,BR,2022-04-20 19:47:21,-15.2261,-59.3353,88.81,56,6,2.75
483,Tigil,RU,2022-04-20 19:47:21,57.8,158.6667,11.46,86,87,3.58
484,Umm Kaddadah,SD,2022-04-20 19:47:21,13.6017,26.6876,83.86,16,3,11.7
485,Lasem,ID,2022-04-20 19:47:22,-6.6922,111.4527,77.25,87,86,2.77
486,Lingao,CN,2022-04-20 19:47:22,19.9103,109.6859,71.26,93,67,6.96
487,Maniitsoq,GL,2022-04-20 19:47:22,65.4167,-52.9,21.74,55,97,3.22
488,Batemans Bay,AU,2022-04-20 19:47:23,-35.7167,150.1833,56.1,82,40,4.52
489,Sangar,RU,2022-04-20 19:47:23,63.9242,127.4739,14.02,98,100,2.1
490,Smithers,CA,2022-04-20 19:47:23,54.7804,-127.1743,41.32,52,75,4.61
491,Shirokiy,RU,2022-04-20 19:47:24,49.758,129.523,41.36,87,100,8.1
492,Mangai,CD,2022-04-20 19:47:24,-4.05,19.5333,71.38,98,100,1.19
493,Dunmore East,IE,2022-04-20 19:47:24,52.1514,-6.9861,51.69,73,0,1.14
494,Labuhan,ID,2022-04-20 19:47:25,-6.8844,112.2051,78.19,86,80,4.36
495,Port-Gentil,GA,2022-04-20 19:47:25,-0.7193,8.7815,80.56,94,20,4.61
496,Cerro Largo,BR,2022-04-20 19:47:25,-28.1486,-54.7381,78.12,50,55,2.95
497,Emerald,AU,2022-04-20 19:43:36,-23.5333,148.1667,71.74,60,100,10.36
498,Nyagan,RU,2022-04-20 19:47:26,62.1406,65.3936,17.42,84,53,8.88
499,Sao Joao Da Barra,BR,2022-04-20 19:42:57,-21.6403,-41.0511,82.49,74,0,12.86
500,Port Charlotte,US,2022-04-20 19:44:02,26.9762,-82.0906,88.0,37,0,16.11
501,Galesong,ID,2022-04-20 19:47:26,-5.3166,119.3661,75.22,83,88,5.19
502,Nichinan,JP,2022-04-20 19:47:27,31.6,131.3667,61.61,84,100,3.33
503,Buin,CL,2022-04-20 19:47:27,-33.7333,-70.75,73.72,33,100,4.34
504,Meulaboh,ID,2022-04-20 19:47:27,4.1363,96.1285,78.3,87,100,5.12
505,Cruzeiro Do Sul,BR,2022-04-20 19:47:28,-29.5128,-51.9853,79.09,65,2,4.85
506,Kampot,KH,2022-04-20 19:47:28,10.6167,104.1833,80.65,82,100,4.45
507,Pingliang,CN,2022-04-20 19:47:28,35.5392,106.6861,55.53,24,92,4.29
508,Goderich,CA,2022-04-20 19:47:29,43.7501,-81.7165,43.12,61,100,4.61
509,Cove,BJ,2022-04-20 19:47:29,7.221,2.3402,79.07,82,100,2.91
510,Mormugao,IN,2022-04-20 19:48:29,15.4,73.8,83.46,84,40,4.61
511,Ayame,CI,2022-04-20 19:48:30,5.6083,-3.1563,77.11,92,64,4.12
512,Wencheng,CN,2022-04-20 19:48:30,33.0559,113.7978,54.82,94,21,6.42
513,Eydhafushi,MV,2022-04-20 19:48:30,5.1033,73.0708,84.52,75,55,10.56
514,Martapura,ID,2022-04-20 19:48:30,-3.4167,114.85,77.09,100,100,2.3
515,Strezhevoy,RU,2022-04-20 19:48:31,60.7333,77.5889,28.13,96,100,10.94
516,Salinopolis,BR,2022-04-20 19:48:31,-0.6136,-47.3561,81.52,80,96,8.68
517,Karasjok,NO,2022-04-20 19:48:31,69.4719,25.5112,42.19,90,100,3.8
518,Makamba,BI,2022-04-20 19:48:32,-4.1348,29.804,61.2,91,100,2.75
519,Fort Nelson,CA,2022-04-20 19:48:32,58.8053,-122.7002,36.99,28,40,3.44
520,Scottsbluff,US,2022-04-20 19:48:32,41.8666,-103.6672,64.63,18,0,23.02
521,Georgiyevskoye,RU,2022-04-20 19:48:33,58.731,45.024,38.66,92,100,6.33
522,Isangel,VU,2022-04-20 19:48:33,-19.55,169.2667,78.57,80,52,7.4
523,Pasni,PK,2022-04-20 19:48:33,25.2631,63.471,79.54,74,0,9.33
524,Darhan,MN,2022-04-20 19:48:34,49.4867,105.9228,31.39,49,33,0.81
525,Dunedin,NZ,2022-04-20 19:45:32,-45.8742,170.5036,59.81,89,89,7.0
526,Rakai,UG,2022-04-20 19:48:34,-0.72,31.4839,61.05,95,100,3.65
527,Sarishabari,BD,2022-04-20 19:48:34,24.7333,89.8333,73.6,79,41,8.37
528,Luquillo,PR,2022-04-20 19:48:35,18.3725,-65.7166,84.49,74,24,13.58
529,Nkhata Bay,MW,2022-04-20 19:48:35,-11.6066,34.2907,72.16,87,84,6.51
530,Petropavlovsk-Kamchatskiy,RU,2022-04-20 19:48:35,53.0452,158.6483,28.99,100,100,6.71
531,Gubkinskiy,RU,2022-04-20 19:48:36,64.434,76.5026,3.88,94,64,15.52
532,Morlaix,FR,2022-04-20 19:48:36,48.5833,-4.0,50.22,87,75,3.44
533,Kovdor,RU,2022-04-20 19:48:36,67.5662,30.4758,38.71,99,100,4.94
534,Hovd,MN,2022-04-20 19:48:37,48.0056,91.6419,37.18,48,5,1.1
535,Manfredonia,IT,2022-04-20 19:48:37,41.6259,15.9094,55.87,82,40,8.05
536,Shetpe,KZ,2022-04-20 19:48:37,44.1667,52.1167,66.06,44,37,4.81
537,Berlevag,NO,2022-04-20 19:48:38,70.8578,29.0864,39.15,75,0,10.36
538,Billings,US,2022-04-20 19:48:38,45.7833,-108.5007,54.28,30,40,24.0
539,Sambava,MG,2022-04-20 19:48:38,-14.2667,50.1667,76.21,95,100,8.3
540,Sioux Lookout,CA,2022-04-20 19:48:39,50.1001,-91.917,32.07,93,100,9.22
541,Namie,JP,2022-04-20 19:48:39,37.4833,141.0,50.99,85,14,5.3
542,San Patricio,US,2022-04-20 19:48:39,28.017,-97.5169,84.16,56,100,22.28
543,Flinders,AU,2022-04-20 19:48:39,-34.5833,150.8552,58.05,81,0,1.99
544,Qaqortoq,GL,2022-04-20 19:44:00,60.7167,-46.0333,31.59,61,59,4.45
545,Tateyama,JP,2022-04-20 19:48:40,34.9833,139.8667,55.09,84,87,6.35
546,Charters Towers,AU,2022-04-20 19:48:40,-20.1,146.2667,69.08,78,76,7.52
547,Caravelas,BR,2022-04-20 19:48:40,-17.7125,-39.2481,77.32,67,2,6.49
548,Uri,IN,2022-04-20 19:48:41,34.0833,74.0333,56.35,84,20,8.5
549,Boskovice,CZ,2022-04-20 19:48:41,49.4875,16.66,44.67,96,86,3.96
550,Kantabanji,IN,2022-04-20 19:48:41,20.4833,82.9167,87.21,25,5,5.1
551,Safaga,EG,2022-04-20 19:48:42,26.7292,33.9365,73.63,38,0,17.09
552,Koumac,NC,2022-04-20 19:48:42,-20.5667,164.2833,74.62,83,34,8.01
553,Airai,TL,2022-04-20 19:48:42,-8.9266,125.4092,58.71,90,92,2.3
554,Dryden,CA,2022-04-20 19:48:43,49.7833,-92.7503,32.29,93,100,13.8
555,Abu Kamal,SY,2022-04-20 19:48:43,34.4506,40.9171,68.59,31,0,10.56
556,Ketchikan,US,2022-04-20 19:49:43,55.3422,-131.6461,52.27,50,20,5.75
557,Xiaoshi,CN,2022-04-20 19:49:44,41.2971,124.1209,48.29,83,6,8.79
558,Santa Maria,BR,2022-04-20 19:49:44,-29.6842,-53.8069,79.9,50,20,12.66
559,Nancha,CN,2022-04-20 19:49:44,47.1333,129.2667,62.11,30,100,14.38
560,Havoysund,NO,2022-04-20 19:49:45,70.9963,24.6622,41.23,92,11,9.82
561,Zhaoyang,CN,2022-04-20 19:49:45,42.682,126.0305,52.52,53,4,13.71
562,Fortuna,US,2022-04-20 19:49:45,40.5982,-124.1573,55.98,93,75,17.27
563,Ugoofaaru,MV,2022-04-20 19:49:46,5.6667,73.0,84.76,73,54,9.33
564,Sept-Iles,CA,2022-04-20 19:49:46,50.2001,-66.3821,41.52,84,100,12.66
565,Susangerd,IR,2022-04-20 19:49:46,31.5608,48.1831,82.98,14,100,10.92
